,real,min_risk,fixed_return,market
VaR95,-0.00012113315953969907,-0.00012590672848863566,-0.00012590672848863566,-9.772380750414723e-05
VaR95 miesięczny,-0.002801317261855706,-0.0028682889562596254,-0.0028682889562596254,-0.0025587079239207844
VaR99,-0.00011102979907728325,-0.00011656380508032866,-0.00011656380508032866,-8.160151573316176e-05
VaR99 miesięczny,-0.0027561336602654153,-0.0028265061325605284,-0.0028265061325605284,-0.0024866068432147664
