real,min_risk,fixed_return,market
0.4671916010498688,0.6217381204731397,0.3084140828439077,0.0
0.5328083989501312,0.3782618795268603,0.6915859171560923,1.0
